"org.name","group","completed.2014","capacity","sector","jurisdiction","juris.level","winooski","missisquoi","Winooski.River.watershed","Missisquoi.River.watershed","Tool.Providers..Establish.conservation.easements","Tool.Providers..Enforce.regulation.compliance","Tool.Providers..Communicate.public.information","Tool.Providers..Administer.permits","Tool.Providers..Make.grants","Tool.Providers..Commit.to.cost.sharing","Tool.Providers..Make.loans.and.or.guarantees","Tool.Providers..Provide.contracted.services","Tool.Providers..Provide.technical.assistance","Tool.Providers..Administer.tax.incentives","Tool.Providers..Pursue.litigation","Tool.Providers..Organize.Community.Action","Tool.Facilitators..Establish.conservation.easements","Tool.Facilitators..Enforce.regulation.compliance","Tool.Facilitators..Communicate.public.information","Tool.Facilitators..Administer.permits","Tool.Facilitators..Make.grants","Tool.Facilitators..Commit.to.cost.sharing","Tool.Facilitators..Make.loans.and.or.guarantees","Tool.Facilitators..Provide.contracted.services","Tool.Facilitators..Provide.technical.assistance","Tool.Facilitators..Administer.tax.incentives","Tool.Facilitators..Pursue.litigation","Tool.Facilitators..Organize.Community.Action","Tool.Recipients..Establish.conservation.easements","Tool.Recipients..Enforce.regulation.compliance","Tool.Recipients..Communicate.public.information","Tool.Recipients..Administer.permits","Tool.Recipients..Make.grants","Tool.Recipients..Commit.to.cost.sharing","Tool.Recipients..Make.loans.and.or.guarantees","Tool.Recipients..Provide.contracted.services","Tool.Recipients..Provide.technical.assistance","Tool.Recipients..Administer.tax.incentives","Tool.Recipients..Pursue.litigation","Tool.Recipients..Organize.Community.Action","Action.Arena...Lake.Champlain.Basin.Program..LCBP..planning.and.reporting..including.the.Executive.committees..TAC..and.CAC.activities.and.State.of.the.Lake.and.Opportunities.for.Action.reports.","Action.Arena...EPA.Initiated.TMDL..including.monitoring..modeling..drafting..State.MOU..Joint.DEC.AAFM.Agricultural.Work.Group...Ag.Workgroup.....and.implementation","Action.Arena...Vermont.Tactical.Basin.Planning..TBP..committees..including.the.former.watershed.councils..and.implementation","Action.Arena...Regional.Planning.Commissions..RPCs..regional.planning.activities","Action.Arena...Municipal.stormwater.management.and.technical.assistance.provision","Action.Arena...Agricultural.technical.assistance.provision","Action.Arena...Transportation.infrastructure.project.planning.and.implementation","Action.Arena...Legislative.committees.in.the.Vermont.State.House.and.Senate.covering.agriculture","Action.Arena...Legislative.committees.in.the.Vermont.State.House.and.Senate.covering.natural.resources..water.resources..and.energy","Action.Arena...Legislative.committees.in.the.Vermont.State.House.and.Senate.covering.economic.development","Action.Arena...Legislative.committees.in.the.Vermont.State.House.and.Senate.covering.transportation","Action.Arena...The.Vermont.Green.Infrastructure.Roundtable","Domain...Agricultural.land.management.","Domain...Wastewater","Domain...Stormwater.runoff","Domain...River.corridors","Domain...Forestry","Domain...Development","Accountability.Mechanism.Feedback.from.federal..state.or.local.elected.officials","Accountability.Mechanism.Feedback.garnered.from.public.hearing..citizen.input.and.other.forms.of.citizen.participation","Accountability.Mechanism.Outcomes.of.court.cases.or.quasi.judicial.rulings","Accountability.Mechanism.Feedback.from.shareholders.or.owners.of.your.organization","Accountability.Mechanism.Feedback.from.consumers.of.your.services","Accountability.Mechanism.Direct.oversight.from.an.administratively.superior.organization.or.unit","Accountability.Mechanism.Professional.codes.of.conduct..principles.of.best.practice","Accountability.Mechanism.Feedback.from.peer.or.partnering.organizations.or.units"
"g321601","Government","N/A",3,2,1,6,"Yes","Yes",1,1,1,1,1,1,1,1,0,1,1,0,1,0,1,1,1,1,1,1,1,1,1,1,1,1,1,1,1,0,1,0,0,0,1,0,1,1,1,1,1,0,0,1,0,1,1,0,0,0,1,0,0,1,0,0,1,1,1,0,1,1,1,1
"g121623","Government","Y",1,2,1,6,"Yes","Yes",0,0,0,0,0,0,0,0,0,0,0,0,0,0,0,0,0,0,0,0,0,0,0,0,0,0,0,0,0,0,0,0,0,0,0,0,0,0,0,0,0,0,0,0,0,0,0,0,0,0,0,0,0,0,0,0,0,0,0,0,0,0,0,0
"g321603","Government","Y",3,2,1,6,"Yes","Yes",1,1,0,1,1,1,1,1,0,0,1,0,0,0,1,1,1,1,1,1,0,0,1,1,0,1,1,0,1,0,1,0,1,0,0,0,1,1,1,1,1,1,0,1,0,1,1,1,0,0,1,1,1,1,1,1,1,1,1,0,1,1,1,1
"g321602","Government","N",3,2,1,6,"Yes","Yes",0,0,0,0,0,0,0,0,0,0,0,0,0,0,0,0,0,0,0,0,0,0,0,0,0,0,0,0,0,0,0,0,0,0,0,0,0,0,0,0,0,0,0,0,0,0,0,0,0,0,0,0,0,0,0,0,0,0,0,0,0,0,0,0
"g321605","Government","N",3,2,1,6,"Yes","No",1,1,0,0,1,0,1,0,0,0,1,1,0,0,0,0,0,0,0,0,0,0,1,0,0,1,0,0,1,0,1,0,0,0,0,0,0,0,0,0,0,1,1,0,0,1,1,1,0,1,0,1,1,1,0,1,1,1,0,0,1,1,1,1
"g321200","Government","N",3,2,1,2,"Yes","Yes",1,1,0,0,0,0,1,0,1,0,0,1,0,0,0,0,1,0,1,1,1,1,1,0,0,0,0,1,0,0,1,0,0,0,0,0,0,1,0,0,0,1,0,0,1,0,0,0,0,0,0,0,0,0,0,1,1,1,0,0,1,1,0,1
"n166600","NGO","Y",1,6,6,6,"No","No",0,0,0,0,0,0,0,0,0,0,0,0,0,0,0,0,0,0,0,0,0,0,0,0,0,0,0,0,0,0,0,0,0,0,0,0,0,0,0,0,0,0,0,0,0,0,0,0,0,0,0,0,0,0,0,0,0,0,0,0,0,0,0,0
"g321604","Government","N",3,2,1,6,"Yes","Yes",0,0,0,0,0,0,0,0,0,0,0,0,0,0,0,0,0,0,0,0,0,0,0,0,0,0,0,0,0,0,0,0,0,0,0,0,0,0,0,0,0,0,0,0,0,0,0,0,0,0,0,0,0,0,0,0,0,0,0,0,0,0,0,0
"w241201","Winooski","N",2,4,1,2,"Yes","No",0,0,0,0,0,0,0,0,0,0,0,0,0,0,0,0,0,0,0,0,0,0,0,0,0,0,0,0,0,0,0,0,0,0,0,0,0,0,0,0,0,0,0,0,0,0,0,0,0,0,0,0,0,0,0,0,0,0,0,0,0,0,0,0
"n451800","NGO","Y",4,5,1,8,"No","No",0,0,0,0,0,0,0,0,0,0,0,0,0,0,0,0,0,0,0,0,0,0,0,0,0,0,0,0,0,0,0,0,0,0,0,0,0,0,0,0,0,0,0,0,0,0,0,0,0,0,0,0,0,0,0,0,0,0,0,0,0,0,0,0
"m241201","Missisquoi","Y",2,4,1,2,"No","Yes",0,1,0,1,1,1,0,0,0,1,1,0,0,0,1,0,1,0,0,0,0,0,0,0,0,1,0,1,0,1,0,0,0,0,0,0,0,1,1,0,0,0,1,0,0,0,0,0,0,0,1,0,1,1,1,1,1,1,1,0,1,0,0,1
"n454701","NGO","Y",4,5,4,7,"Yes","Yes",1,1,0,0,0,0,0,0,0,1,1,0,0,0,0,1,0,1,0,0,0,1,1,0,1,0,0,1,1,1,1,0,0,1,1,0,1,0,0,1,0,1,0,0,0,0,0,0,0,1,0,0,1,0,0,1,1,0,0,1,1,0,1,1
"w261401","Winooski","N",2,6,1,4,"Yes","No",0,0,0,0,0,0,0,0,0,0,0,0,0,0,0,0,0,0,0,0,0,0,0,0,0,0,0,0,0,0,0,0,0,0,0,0,0,0,0,0,0,0,0,0,0,0,0,0,0,0,0,0,0,0,0,0,0,0,0,0,0,0,0,0
"w231402","Winooski","N",2,3,1,4,"Yes","No",1,0,0,1,1,0,0,1,0,1,1,0,0,1,0,1,1,0,0,1,0,1,1,0,0,1,0,1,1,0,1,1,0,1,1,0,0,0,0,0,1,1,1,0,1,0,1,1,1,1,0,0,1,1,1,1,1,1,1,0,1,0,1,1
"w161401","Winooski","N",1,6,1,4,"Yes","No",1,1,0,1,1,0,1,0,0,0,1,0,0,1,1,0,1,0,0,0,0,0,1,0,0,1,0,1,1,0,1,0,0,0,1,0,0,1,0,0,0,0,0,0,0,0,0,0,0,0,0,0,1,1,0,0,1,1,1,0,0,0,0,1
"n261501","NGO","Y",2,6,1,5,"Yes","No",1,0,0,0,1,0,1,0,0,1,1,0,0,1,0,0,1,0,1,0,0,0,1,0,0,0,0,0,0,0,1,0,0,0,0,0,0,0,0,1,0,0,0,1,0,1,1,0,0,0,1,0,1,1,0,0,1,1,0,1,1,0,0,1
"w231401","Winooski","Y",2,3,1,4,"Yes","No",1,0,0,0,1,0,1,0,0,1,1,0,0,0,0,0,1,0,1,0,0,1,1,0,0,0,0,0,1,0,1,0,0,1,0,0,0,0,0,1,1,1,1,0,1,0,1,1,1,0,0,0,1,1,0,1,1,0,0,0,1,0,0,0
"w341202","Winooski","Y",3,4,1,2,"Yes","No",1,0,0,1,1,1,0,0,0,0,1,0,0,1,1,1,1,1,1,1,0,1,1,1,1,1,1,1,1,1,1,1,0,1,1,0,1,1,1,0,0,1,1,0,1,1,1,1,1,0,1,1,1,1,0,1,1,1,1,1,1,1,1,1
"w341209","Winooski","N",3,4,1,2,"Yes","No",1,0,1,1,1,1,0,0,0,0,0,1,1,0,1,0,0,1,1,0,1,1,0,1,0,0,0,1,0,1,1,1,1,1,1,0,1,1,0,0,0,1,1,0,1,0,0,0,0,0,0,1,1,1,0,0,1,1,0,0,1,0,0,0
"m141208","Missisquoi","N",1,4,1,2,"No","Yes",0,0,0,0,0,0,0,0,0,0,0,0,0,0,0,0,0,0,0,0,0,0,0,0,0,0,0,0,0,0,0,0,0,0,0,0,0,0,0,0,0,0,0,0,0,0,0,0,0,0,0,0,0,0,0,0,0,0,0,0,0,0,0,0
"w241216","Winooski","Y",2,4,1,2,"Yes","No",1,0,1,1,1,1,0,1,1,0,1,1,1,1,0,1,1,0,0,1,0,0,0,0,0,0,1,1,1,1,1,1,1,1,1,1,0,1,1,1,0,1,1,0,1,0,1,1,1,1,0,1,1,1,0,1,1,1,0,0,0,0,0,1
"w241221","Winooski","N",2,4,1,2,"Yes","No",0,0,0,0,0,0,0,0,0,0,0,0,0,0,0,0,0,0,0,0,0,0,0,0,0,0,0,0,0,0,0,0,0,0,0,0,0,0,0,0,0,0,0,0,0,0,0,0,0,0,0,0,0,0,0,0,0,0,0,0,0,0,0,0
"w161402","Missisquoi","N",1,6,1,4,"No","Yes",0,0,0,0,0,0,0,0,0,0,0,0,0,0,0,0,0,0,0,0,0,0,0,0,0,0,0,0,0,0,0,0,0,0,0,0,0,0,0,0,0,0,0,0,0,0,0,0,0,0,0,0,0,0,0,0,0,0,0,0,0,0,0,0
"n254700","NGO","N",2,5,4,7,"No","No",0,0,0,0,0,0,0,0,0,0,0,0,0,0,0,0,0,0,0,0,0,0,0,0,0,0,0,0,0,0,0,0,0,0,0,0,0,0,0,0,0,0,0,0,0,0,0,0,0,0,0,0,0,0,0,0,0,0,0,0,0,0,0,0
"n361700","NGO","Y",3,6,1,7,"Yes","Yes",0,0,0,0,0,0,0,0,0,0,0,0,0,0,0,0,0,0,0,0,0,0,0,0,0,0,0,0,0,0,0,0,0,0,0,0,0,0,0,0,0,0,0,0,0,0,0,0,0,0,0,0,0,0,0,0,0,0,0,0,0,0,0,0
"g321606","Government","N",3,2,1,6,"Yes","Yes",0,0,0,0,0,0,0,0,0,0,0,0,0,0,0,0,0,0,0,0,0,0,0,0,0,0,0,0,0,0,0,0,0,0,0,0,0,0,0,0,0,0,0,0,0,0,0,0,0,0,0,0,0,0,0,0,0,0,0,0,0,0,0,0
"g321608","Government","N",3,2,1,6,"Yes","No",0,0,0,0,0,0,0,0,0,0,0,0,0,0,0,0,0,0,0,0,0,0,0,0,0,0,0,0,0,0,0,0,0,0,0,0,0,0,0,0,0,0,0,0,0,0,0,0,0,0,0,0,0,0,0,0,0,0,0,0,0,0,0,0
"g321620","Government","Y",3,2,1,6,"Yes","Yes",1,1,0,1,1,1,0,0,0,1,1,0,0,0,0,1,1,0,0,0,1,1,1,0,1,1,0,0,1,0,0,0,0,0,0,0,0,1,1,0,1,1,0,0,0,0,1,1,0,1,0,1,1,0,0,0,1,1,1,0,1,1,1,1
"g321609","Government","Y",3,2,1,6,"Yes","Yes",0,0,0,0,0,0,0,0,0,0,0,0,0,0,0,0,0,0,0,0,0,0,0,0,0,0,0,0,0,0,0,0,0,0,0,0,0,0,0,0,0,0,0,0,0,0,0,0,0,0,0,0,0,0,0,0,0,0,0,0,0,0,0,0
"g321621","Government","N",3,2,1,6,"Yes","Yes",0,0,0,0,0,0,0,0,0,0,0,0,0,0,0,0,0,0,0,0,0,0,0,0,0,0,0,0,0,0,0,0,0,0,0,0,0,0,0,0,0,0,0,0,0,0,0,0,0,0,0,0,0,0,0,0,0,0,0,0,0,0,0,0
"g321610","Government","Y",3,2,1,6,"Yes","Yes",1,1,1,1,1,0,1,1,1,0,1,0,0,1,1,0,1,1,0,0,1,0,1,0,0,1,0,1,0,1,0,1,0,0,1,0,1,1,1,1,1,1,1,0,1,0,0,0,0,1,1,1,1,1,1,1,1,1,0,1,1,1,0,1
"g321611","Government","N",3,2,1,6,"Yes","No",0,0,0,0,0,0,0,0,0,0,0,0,0,0,0,0,0,0,0,0,0,0,0,0,0,0,0,0,0,0,0,0,0,0,0,0,0,0,0,0,0,0,0,0,0,0,0,0,0,0,0,0,0,0,0,0,0,0,0,0,0,0,0,0
"g321612","Government","Y",3,2,1,6,"Yes","Yes",1,1,0,1,0,1,0,0,0,0,1,0,1,0,0,1,1,1,0,0,0,0,1,0,1,0,0,0,0,0,0,0,0,0,0,0,0,0,0,0,0,0,0,0,0,1,1,0,0,0,0,1,0,0,0,0,0,1,1,0,1,0,0,1
"g321613","Government","Y",3,2,1,6,"Yes","Yes",1,1,0,1,1,1,1,0,0,0,1,0,0,1,1,1,1,1,1,0,0,0,1,0,0,1,0,1,1,0,1,0,0,0,1,0,0,1,1,1,1,1,0,1,0,0,1,0,0,1,1,0,1,0,1,1,1,1,0,0,1,1,1,0
"g321615","Government","N",3,2,1,6,"Yes","Yes",0,0,0,0,0,0,0,0,0,0,0,0,0,0,0,0,0,0,0,0,0,0,0,0,0,0,0,0,0,0,0,0,0,0,0,0,0,0,0,0,0,0,0,0,0,0,0,0,0,0,0,0,0,0,0,0,0,0,0,0,0,0,0,0
"g321614","Government","Y",3,2,1,6,"Yes","Yes",1,1,1,1,1,1,1,0,0,0,1,0,0,1,1,1,1,1,1,1,0,0,1,0,0,1,1,0,1,0,1,0,0,0,1,0,0,1,1,1,1,1,1,1,1,1,1,1,1,0,1,1,1,1,1,1,1,1,1,0,1,1,1,1
"g321616","Government","Y",3,2,1,6,"Yes","Yes",1,1,0,1,1,1,1,0,0,0,1,0,0,0,0,0,1,0,1,0,0,0,1,0,0,0,0,0,1,0,0,0,0,0,1,0,1,0,0,0,0,0,0,0,0,0,1,0,0,0,1,0,1,0,0,0,1,1,0,0,0,0,0,1
"g321616","Government","Y",3,2,1,6,"Yes","Yes",1,1,0,1,1,0,0,0,0,0,1,0,0,0,0,0,0,0,0,0,0,0,0,0,0,0,0,0,1,0,0,0,0,0,0,0,0,1,0,0,1,0,0,0,0,0,1,0,0,0,0,0,0,0,0,0,1,1,0,1,0,1,1,1
"g321617","Government","Y",3,2,1,6,"Yes","Yes",1,1,0,1,1,1,0,0,0,0,1,0,0,0,0,1,1,0,0,0,0,1,1,0,0,0,0,0,0,0,0,0,0,0,1,0,1,0,0,1,1,1,1,1,1,1,1,1,1,1,1,0,1,0,0,1,0,0,0,0,0,1,0,0
"g321638","Government","Y",3,2,1,6,"Yes","Yes",1,1,0,0,1,0,0,0,0,0,1,0,0,1,0,1,1,1,1,1,1,1,1,0,0,1,1,1,1,1,1,0,0,0,1,0,1,1,1,1,1,1,1,1,1,0,1,0,0,1,1,1,1,1,0,1,1,1,1,1,0,1,1,1
"g321622","Government","Y",3,2,1,6,"Yes","Yes",0,0,0,0,0,0,0,0,0,0,0,0,0,0,0,0,0,0,0,0,0,0,0,0,0,0,0,0,0,0,0,0,0,0,0,0,0,0,0,0,0,0,0,0,0,0,0,0,0,0,0,0,0,0,0,0,0,0,0,0,0,0,0,0
"g321619","Government","Y",3,2,1,6,"Yes","Yes",1,1,0,1,1,1,0,1,0,0,1,0,1,0,0,1,1,1,0,1,0,1,1,0,1,0,0,1,1,0,0,0,0,1,1,0,1,1,1,1,1,1,1,1,0,1,1,0,0,0,0,1,0,0,0,0,1,1,1,0,1,0,0,1
"g321618","Government","N",3,2,1,6,"Yes","Yes",1,1,0,1,1,1,0,0,0,0,1,0,1,0,0,1,1,1,0,0,0,0,1,0,1,0,0,1,1,0,1,0,0,0,0,0,1,1,1,1,1,1,1,0,1,0,1,0,0,0,1,1,1,0,1,1,1,1,0,1,1,1,0,1
"g321607","Government","Y",3,2,1,6,"Yes","Yes",1,1,1,0,1,1,1,1,1,1,0,1,1,1,1,1,1,1,1,1,1,1,0,0,1,1,0,0,1,0,0,1,0,1,1,1,0,0,1,1,1,1,1,1,1,1,1,1,1,1,1,1,1,1,1,1,1,1,1,1,1,1,0,1
"n364800","NGO","N",3,6,4,8,"No","Yes",0,0,0,0,0,0,0,0,0,0,0,0,0,0,0,0,0,0,0,0,0,0,0,0,0,0,0,0,0,0,0,0,0,0,0,0,0,0,0,0,0,0,0,0,0,0,0,0,0,0,0,0,0,0,0,0,0,0,0,0,0,0,0,0
"n454702","NGO","N",4,5,4,7,"Yes","No",0,0,0,0,0,0,0,0,0,0,0,0,0,0,0,0,0,0,0,0,0,0,0,0,0,0,0,0,0,0,0,0,0,0,0,0,0,0,0,0,0,0,0,0,0,0,0,0,0,0,0,0,0,0,0,0,0,0,0,0,0,0,0,0
"m243201","Missisquoi","N",2,4,3,2,"No","Yes",0,0,0,0,0,0,0,0,0,0,0,0,0,0,0,0,0,0,0,0,0,0,0,0,0,0,0,0,0,0,0,0,0,0,0,0,0,0,0,0,0,0,0,0,0,0,0,0,0,0,0,0,0,0,0,0,0,0,0,0,0,0,0,0
"n354701","NGO","N",3,5,4,7,"No","No",0,0,0,0,0,0,0,0,0,0,0,0,0,0,0,0,0,0,0,0,0,0,0,0,0,0,0,0,0,0,0,0,0,0,0,0,0,0,0,0,0,0,0,0,0,0,0,0,0,0,0,0,0,0,0,0,0,0,0,0,0,0,0,0
"g414701","Government","N",4,1,4,7,"Yes","Yes",1,1,0,0,1,1,1,0,0,0,1,0,0,0,0,0,0,0,0,0,0,0,0,0,0,0,0,0,0,0,0,0,0,0,0,0,0,0,1,1,0,0,0,0,0,0,0,0,0,0,1,1,1,1,1,1,1,1,0,0,1,0,1,1
"m261100","Missisquoi","N",2,6,1,1,"No","Yes",0,0,0,0,0,0,0,0,0,0,0,0,0,0,0,0,0,0,0,0,0,0,0,0,0,0,0,0,0,0,0,0,0,0,0,0,0,0,0,0,0,0,0,0,0,0,0,0,0,0,0,0,0,0,0,0,0,0,0,0,0,0,0,0
"n151700","NGO","Y",1,5,1,7,"Yes","Yes",1,1,1,0,1,1,0,0,0,1,1,0,0,0,1,0,1,1,1,0,0,1,1,0,0,0,0,0,0,1,0,0,0,1,0,0,0,0,1,1,0,0,1,1,1,0,0,0,0,1,1,0,1,1,0,1,1,1,1,0,1,0,1,1
"n451400","NGO","N",4,5,1,4,"No","No",0,0,0,0,0,0,0,0,0,0,0,0,0,0,0,0,0,0,0,0,0,0,0,0,0,0,0,0,0,0,0,0,0,0,0,0,0,0,0,0,0,0,0,0,0,0,0,0,0,0,0,0,0,0,0,0,0,0,0,0,0,0,0,0
"g321624","Government","N",3,2,1,6,"Yes","No",0,0,0,0,0,0,0,0,0,0,0,0,0,0,0,0,0,0,0,0,0,0,0,0,0,0,0,0,0,0,0,0,0,0,0,0,0,0,0,0,0,0,0,0,0,0,0,0,0,0,0,0,0,0,0,0,0,0,0,0,0,0,0,0
"g321625","Government","Y",3,2,1,6,"Yes","Yes",1,1,0,0,1,0,0,1,0,0,1,0,0,0,0,0,1,0,1,1,0,0,1,0,0,1,0,0,1,0,1,1,0,0,1,0,0,1,0,1,0,1,0,0,0,0,1,0,0,0,0,0,0,0,1,0,1,1,0,0,1,1,0,1
"g321626","Government","Y",3,2,1,6,"Yes","Yes",1,1,0,0,1,0,1,0,0,0,1,0,0,1,0,0,1,0,1,0,0,0,1,0,0,1,0,0,1,0,1,0,0,0,0,0,0,0,0,1,1,1,1,0,1,0,0,0,0,1,0,0,1,0,1,1,1,1,0,0,1,0,0,1
"g321627","Government","Y",3,2,1,6,"Yes","Yes",1,1,0,1,1,1,1,1,0,1,1,0,1,0,0,1,1,0,1,0,0,0,1,0,1,0,0,0,0,0,1,0,0,0,0,0,0,0,1,1,1,0,0,0,0,0,0,0,0,0,0,0,0,0,1,0,0,0,1,1,1,0,0,1
"m261400","Missisquoi","N",2,6,1,4,"No","Yes",0,0,0,0,0,0,0,0,0,0,0,0,0,0,0,0,0,0,0,0,0,0,0,0,0,0,0,0,0,0,0,0,0,0,0,0,0,0,0,0,0,0,0,0,0,0,0,0,0,0,0,0,0,0,0,0,0,0,0,0,0,0,0,0
"m264700","Missisquoi","N",2,6,4,7,"No","Yes",0,1,0,0,1,0,0,0,0,0,1,0,0,1,0,0,1,0,0,0,0,0,1,0,0,1,0,0,1,0,0,0,0,0,0,0,0,1,1,0,0,1,0,0,0,0,0,0,0,0,0,0,0,0,0,1,0,1,0,0,1,0,1,1
"m261502","Missisquoi","N",2,6,1,5,"No","Yes",0,1,0,0,1,0,1,0,0,0,0,0,0,0,0,0,1,0,0,0,0,0,0,0,0,0,0,0,0,0,1,0,0,0,0,0,0,0,0,0,0,0,0,0,0,0,0,0,0,0,1,1,0,0,0,0,0,0,0,0,0,0,0,0
"m261501","Missisquoi","Y",2,6,1,5,"No","Yes",0,1,0,0,1,0,0,1,0,1,1,0,0,1,1,0,1,0,1,1,0,1,1,0,0,1,0,1,1,1,1,1,0,1,1,0,0,1,1,1,1,1,1,1,1,1,1,1,1,1,1,1,1,1,1,1,1,1,1,1,1,1,1,1
"w161501","Winooski","N",1,6,1,5,"Yes","No",1,0,0,0,0,0,0,0,0,0,1,0,0,1,1,1,1,1,0,0,0,1,1,0,0,1,1,1,1,1,1,0,0,1,1,0,0,1,0,0,0,0,1,0,1,0,0,0,0,1,1,1,1,1,1,1,1,1,0,1,0,0,1,1
"w161502","Winooski","Y",1,6,1,5,"Yes","No",1,0,1,0,1,0,0,1,0,1,1,0,0,1,1,0,1,0,0,1,0,1,1,0,0,1,1,0,1,0,1,1,0,1,1,0,0,1,1,1,1,1,1,0,1,0,1,0,0,1,1,0,1,1,0,0,1,1,0,1,1,0,1,1
"w161502","Winooski","Y",1,6,1,5,"Yes","No",1,0,0,0,1,0,0,0,0,1,1,0,0,0,1,0,1,0,0,0,0,1,1,0,0,0,0,0,1,1,1,0,0,0,1,0,0,0,0,0,0,0,0,0,0,0,0,0,0,0,1,0,1,1,0,1,1,1,0,0,0,0,0,1
"n354800","NGO","N",3,5,4,8,"No","No",0,0,0,0,0,0,0,0,0,0,0,0,0,0,0,0,0,0,0,0,0,0,0,0,0,0,0,0,0,0,0,0,0,0,0,0,0,0,0,0,0,0,0,0,0,0,0,0,0,0,0,0,0,0,0,0,0,0,0,0,0,0,0,0
"m231300","Missisquoi","N",2,3,1,3,"No","Yes",0,0,0,0,0,0,0,0,0,0,0,0,0,0,0,0,0,0,0,0,0,0,0,0,0,0,0,0,0,0,0,0,0,0,0,0,0,0,0,0,0,0,0,0,0,0,0,0,0,0,0,0,0,0,0,0,0,0,0,0,0,0,0,0
"w261200","Winooski","N",2,6,1,2,"Yes","No",0,0,0,0,0,0,0,0,0,0,0,0,0,0,0,0,0,0,0,0,0,0,0,0,0,0,0,0,0,0,0,0,0,0,0,0,0,0,0,0,0,0,0,0,0,0,0,0,0,0,0,0,0,0,0,0,0,0,0,0,0,0,0,0
"n161601","NGO","Y",1,6,1,6,"Yes","Yes",0,0,0,0,0,0,0,0,0,0,0,0,0,0,0,0,0,0,0,0,0,0,0,0,0,0,0,0,0,0,0,0,0,0,0,0,0,0,0,0,0,0,0,0,0,0,0,0,0,0,0,0,0,0,0,0,0,0,0,0,0,0,0,0
"n161602","NGO","N",1,6,1,6,"No","No",0,0,0,0,0,0,0,0,0,0,0,0,0,0,0,0,0,0,0,0,0,0,0,0,0,0,0,0,0,0,0,0,0,0,0,0,0,0,0,0,0,0,0,0,0,0,0,0,0,0,0,0,0,0,0,0,0,0,0,0,0,0,0,0
"n281800","NGO","N",2,8,1,8,"Yes","Yes",0,0,0,0,0,0,0,0,0,0,0,0,0,0,0,0,0,0,0,0,0,0,0,0,0,0,0,0,0,0,0,0,0,0,0,0,0,0,0,0,0,0,0,0,0,0,0,0,0,0,0,0,0,0,0,0,0,0,0,0,0,0,0,0
"n261601","NGO","Y",2,6,1,6,"No","No",0,0,0,0,0,0,1,0,1,0,0,0,0,0,1,1,0,0,1,0,1,1,1,0,0,0,0,0,0,0,0,0,0,0,0,0,0,0,0,0,0,1,0,1,1,0,0,0,0,0,1,0,1,1,1,0,0,0,0,1,0,0,0,1
"n261602","NGO","N",2,6,1,6,"No","No",0,0,0,0,0,0,0,0,0,0,0,0,0,0,0,0,0,0,0,0,0,0,0,0,0,0,0,0,0,0,0,0,0,0,0,0,0,0,0,0,0,0,0,0,0,0,0,0,0,0,0,0,0,0,0,0,0,0,0,0,0,0,0,0
"g596800","Government","N",5,9,6,8,"Yes","Yes",0,0,0,0,1,0,0,0,0,1,0,0,0,0,0,1,1,0,0,0,0,1,1,0,0,1,0,0,0,0,0,0,0,0,0,0,0,0,1,0,0,0,0,0,0,0,0,0,0,0,0,0,0,0,0,0,1,1,0,0,0,1,0,1
"g361800","Government","Y",3,6,1,8,"No","No",0,0,0,0,0,0,0,0,0,0,0,0,0,0,0,0,0,0,0,0,0,0,0,0,0,0,0,0,0,0,0,0,0,0,0,0,0,0,0,0,0,0,0,0,0,0,0,0,0,0,0,0,0,0,0,0,0,0,0,0,0,0,0,0
"m463600","Missisquoi","N",4,6,3,6,"No","Yes",0,0,0,0,0,0,0,0,0,0,0,0,0,0,0,0,0,0,0,0,0,0,0,0,0,0,0,0,0,0,0,0,0,0,0,0,0,0,0,0,0,0,0,0,0,0,0,0,0,0,0,0,0,0,0,0,0,0,0,0,0,0,0,0
"w261100","Winooski","N",2,6,1,1,"Yes","No",0,0,0,0,0,0,0,0,0,0,0,0,0,0,0,0,0,0,0,0,0,0,0,0,0,0,0,0,0,0,0,0,0,0,0,0,0,0,0,0,0,0,0,0,0,0,0,0,0,0,0,0,0,0,0,0,0,0,0,0,0,0,0,0
"n266500","NGO","Y",2,6,6,5,"Yes","Yes",1,1,0,0,1,0,1,1,0,1,1,0,0,1,1,0,1,0,1,1,1,1,1,0,0,1,0,0,1,0,1,0,0,1,1,0,0,0,1,1,1,1,1,1,1,1,1,0,0,0,1,1,1,1,1,1,1,1,0,0,1,0,1,1
"n261502","NGO","N",2,6,1,5,"No","Yes",0,0,0,0,0,0,0,0,0,0,0,0,0,0,0,0,0,0,0,0,0,0,0,0,0,0,0,0,0,0,0,0,0,0,0,0,0,0,0,0,0,0,0,0,0,0,0,0,0,0,0,0,0,0,0,0,0,0,0,0,0,0,0,0
"g234700","Government","Y",2,3,4,7,"Yes","Yes",1,1,0,0,0,0,0,1,0,0,1,0,0,0,0,0,0,0,0,1,0,0,1,0,0,0,0,1,1,1,0,0,0,0,1,0,0,1,1,0,1,1,0,1,1,0,0,0,0,0,1,0,0,1,1,0,1,1,0,0,1,1,1,1
"g234700","Government","Y",2,3,4,7,"Yes","Yes",1,1,0,0,1,0,0,0,0,0,0,0,0,1,0,0,0,0,0,0,0,0,0,0,0,0,0,1,1,1,0,0,0,0,0,0,0,0,1,1,1,1,1,0,1,0,0,0,0,0,1,0,1,1,1,1,1,0,1,0,1,1,1,1
"n261503","NGO","Y",2,6,1,5,"Yes","Yes",1,1,0,0,1,0,1,1,0,1,1,0,0,1,1,1,1,1,1,1,1,1,1,1,1,1,1,1,1,1,1,0,0,1,0,1,1,1,1,1,1,1,1,1,1,1,1,1,1,1,1,1,1,1,1,1,1,1,1,0,1,0,1,1
"n261400","NGO","Y",2,6,1,4,"Yes","No",0,0,0,0,0,0,0,0,0,0,0,0,0,0,0,0,0,0,0,0,0,0,0,0,0,0,0,0,0,0,0,0,0,0,0,0,0,0,0,0,0,0,0,0,0,0,0,0,0,0,0,0,0,0,0,0,0,0,0,0,0,0,0,0
"n261504","NGO","Y",2,6,1,5,"Yes","Yes",0,0,0,0,0,0,0,0,0,0,0,0,0,0,0,0,0,0,0,0,0,0,0,0,0,0,0,0,0,0,0,0,0,0,0,0,0,0,0,0,0,0,0,0,0,0,0,0,0,0,0,0,0,0,0,0,0,0,0,0,0,0,0,0
"w231300","Winooski","N",2,3,1,3,"Yes","No",0,0,0,0,0,0,0,0,0,0,0,0,0,0,0,0,0,0,0,0,0,0,0,0,0,0,0,0,0,0,0,0,0,0,0,0,0,0,0,0,0,0,0,0,0,0,0,0,0,0,0,0,0,0,0,0,0,0,0,0,0,0,0,0
"n261603","NGO","Y",2,6,1,6,"Yes","Yes",1,1,0,0,0,0,1,0,1,0,1,0,0,0,1,1,1,0,1,0,0,1,1,1,1,1,0,0,1,0,0,0,0,0,1,0,1,0,1,1,1,1,1,1,1,0,0,0,0,0,1,1,1,1,1,1,0,0,0,0,0,0,0,1
"w261402","Winooski","N",2,6,1,4,"Yes","No",0,0,0,0,0,0,0,0,0,0,0,0,0,0,0,0,0,0,0,0,0,0,0,0,0,0,0,0,0,0,0,0,0,0,0,0,0,0,0,0,0,0,0,0,0,0,0,0,0,0,0,0,0,0,0,0,0,0,0,0,0,0,0,0
"w231403","Winooski","Y",2,3,1,4,"Yes","No",1,0,0,0,1,0,0,0,0,1,1,0,0,1,1,1,0,1,1,0,1,0,0,0,0,0,1,0,0,0,1,0,0,0,0,0,0,1,0,0,1,1,1,0,1,0,0,0,0,0,1,1,1,1,1,1,1,1,0,0,1,0,0,1
"w261500","Winooski","N",2,6,1,5,"Yes","No",0,0,0,0,0,0,0,0,0,0,0,0,0,0,0,0,0,0,0,0,0,0,0,0,0,0,0,0,0,0,0,0,0,0,0,0,0,0,0,0,0,0,0,0,0,0,0,0,0,0,0,0,0,0,0,0,0,0,0,0,0,0,0,0
"m323701","Missisquoi","Y",3,2,3,7,"No","No",0,0,0,0,0,0,0,0,0,0,0,0,0,0,0,0,0,0,0,0,0,0,0,0,0,0,0,0,0,0,0,0,0,0,0,0,0,0,0,0,0,0,0,0,0,0,0,0,0,0,0,0,0,0,0,0,0,0,0,0,0,0,0,0
"m323600","Missisquoi","N",3,2,3,6,"No","Yes",0,0,0,0,0,0,0,0,0,0,0,0,0,0,0,0,0,0,0,0,0,0,0,0,0,0,0,0,0,0,0,0,0,0,0,0,0,0,0,0,0,0,0,0,0,0,0,0,0,0,0,0,0,0,0,0,0,0,0,0,0,0,0,0
"m313700","Missisquoi","Y",3,1,3,7,"No","Yes",0,1,1,1,1,1,1,0,0,1,1,0,1,1,1,1,0,0,0,0,0,1,1,0,0,1,1,1,1,0,0,0,0,0,1,0,0,1,1,1,0,0,0,0,0,0,0,0,0,0,1,1,1,1,0,1,1,1,1,1,1,1,1,0
"m323702","Missisquoi","Y",3,2,3,7,"No","Yes",0,0,0,0,0,0,0,0,0,0,0,0,0,0,0,0,0,0,0,0,0,0,0,0,0,0,0,0,0,0,0,0,0,0,0,0,0,0,0,0,0,0,0,0,0,0,0,0,0,0,0,0,0,0,0,0,0,0,0,0,0,0,0,0
"m263500","Missisquoi","Y",2,6,3,5,"No","Yes",0,1,1,0,1,0,0,1,0,0,1,0,0,1,0,1,1,0,0,1,0,0,1,0,0,1,0,0,0,0,0,0,0,0,0,0,0,0,1,0,0,0,0,0,0,0,0,0,0,0,1,1,1,1,0,0,1,1,0,0,0,1,0,1
"m161100","Missisquoi","Y",1,6,1,1,"No","Yes",0,1,0,0,0,0,1,1,0,0,1,0,0,0,1,0,1,0,1,1,0,0,1,0,0,1,0,1,1,1,1,0,0,1,0,0,0,1,1,0,0,0,0,0,0,0,0,0,0,0,0,0,0,1,0,0,0,0,0,0,0,1,0,0
"m266400","Missisquoi","Y",2,6,6,4,"No","Yes",0,0,0,0,0,0,0,0,0,0,0,0,0,0,0,0,0,0,0,0,0,0,0,0,0,0,0,0,0,0,0,0,0,0,0,0,0,0,0,0,0,0,0,0,0,0,0,0,0,0,0,0,0,0,0,0,0,0,0,0,0,0,0,0
"m168100","Missisquoi","N",1,6,8,1,"No","Yes",0,0,0,0,0,0,0,0,0,0,0,0,0,0,0,0,0,0,0,0,0,0,0,0,0,0,0,0,0,0,0,0,0,0,0,0,0,0,0,0,0,0,0,0,0,0,0,0,0,0,0,0,0,0,0,0,0,0,0,0,0,0,0,0
"m351600","Missisquoi","N/A",3,5,1,6,"No","Yes",0,0,0,0,0,0,0,0,0,0,0,0,0,0,0,0,0,0,0,0,0,0,0,0,0,0,0,0,0,0,0,0,0,0,0,0,0,0,0,0,0,0,0,0,0,0,0,0,0,0,0,0,0,0,0,0,0,0,0,0,0,0,0,0
"m251200","Missisquoi","N/A",2,5,1,2,"No","Yes",0,0,0,0,0,0,0,0,0,0,0,0,0,0,0,0,0,0,0,0,0,0,0,0,0,0,0,0,0,0,0,0,0,0,0,0,0,0,0,0,0,0,0,0,0,0,0,0,0,0,0,0,0,0,0,0,0,0,0,0,0,0,0,0
"m151100","Missisquoi","N/A",1,5,1,1,"No","Yes",0,0,0,0,0,0,0,0,0,0,0,0,0,0,0,0,0,0,0,0,0,0,0,0,0,0,0,0,0,0,0,0,0,0,0,0,0,0,0,0,0,0,0,0,0,0,0,0,0,0,0,0,0,0,0,0,0,0,0,0,0,0,0,0
"m243202","Missisquoi","N",2,4,3,2,"No","Yes",0,0,0,0,0,0,0,0,0,0,0,0,0,0,0,0,0,0,0,0,0,0,0,0,0,0,0,0,0,0,0,0,0,0,0,0,0,0,0,0,0,0,0,0,0,0,0,0,0,0,0,0,0,0,0,0,0,0,0,0,0,0,0,0
"g414706","Government","N",4,1,4,7,"Yes","No",0,0,0,0,0,0,0,0,0,0,0,0,0,0,0,0,0,0,0,0,0,0,0,0,0,0,0,0,0,0,0,0,0,0,0,0,0,0,0,0,0,0,0,0,0,0,0,0,0,0,0,0,0,0,0,0,0,0,0,0,0,0,0,0
"g414707","Government","N",4,1,4,7,"Yes","No",0,0,0,0,0,0,0,0,0,0,0,0,0,0,0,0,0,0,0,0,0,0,0,0,0,0,0,0,0,0,0,0,0,0,0,0,0,0,0,0,0,0,0,0,0,0,0,0,0,0,0,0,0,0,0,0,0,0,0,0,0,0,0,0
"n264700","NGO","N",2,6,4,7,"No","No",0,0,0,0,0,0,0,0,0,0,0,0,0,0,0,0,0,0,0,0,0,0,0,0,0,0,0,0,0,0,0,0,0,0,0,0,0,0,0,0,0,0,0,0,0,0,0,0,0,0,0,0,0,0,0,0,0,0,0,0,0,0,0,0
"g331632","Government","N",3,3,1,6,"Yes","No",0,0,0,0,0,0,0,0,0,0,0,0,0,0,0,0,0,0,0,0,0,0,0,0,0,0,0,0,0,0,0,0,0,0,0,0,0,0,0,0,0,0,0,0,0,0,0,0,0,0,0,0,0,0,0,0,0,0,0,0,0,0,0,0
"m331400","Missisquoi","N",3,3,1,4,"No","Yes",0,0,0,0,0,0,0,0,0,0,0,0,0,0,0,0,0,0,0,0,0,0,0,0,0,0,0,0,0,0,0,0,0,0,0,0,0,0,0,0,0,0,0,0,0,0,0,0,0,0,0,0,0,0,0,0,0,0,0,0,0,0,0,0
"g321633","Government","Y",3,2,1,6,"Yes","Yes",1,1,1,0,1,0,1,1,0,0,1,0,0,1,1,0,1,0,1,1,0,1,1,0,0,1,1,1,1,0,0,0,0,0,1,0,0,1,1,1,1,0,0,1,0,1,1,0,0,0,1,0,0,1,1,0,1,1,0,1,1,1,1,1
"n265700","NGO","N",2,6,5,7,"No","Yes",0,1,0,0,1,0,1,0,0,1,1,0,0,0,0,0,1,0,1,0,0,1,1,0,0,1,0,1,1,0,1,0,0,1,1,0,0,1,0,0,0,0,0,0,0,0,0,0,0,0,1,1,1,1,1,1,1,0,0,1,1,0,1,1
"n281600","NGO","Y",2,8,1,6,"Yes","Yes",1,1,0,0,1,0,1,0,0,0,0,0,0,0,0,0,1,0,0,0,0,0,1,0,0,1,0,0,0,0,0,0,0,0,0,0,0,0,1,0,0,0,0,0,0,0,0,0,0,0,0,0,1,1,0,0,0,0,0,0,0,0,1,0
"n281600","NGO","Y",2,8,1,6,"Yes","Yes",1,1,0,0,1,0,1,1,0,0,1,0,0,0,0,0,1,0,1,0,0,0,1,0,0,1,0,0,1,0,1,1,0,1,0,0,0,0,1,1,0,0,0,0,0,0,1,0,0,0,1,0,1,1,0,0,1,0,0,0,1,1,1,1
"n151600","NGO","Y",1,5,1,6,"Yes","Yes",1,1,1,0,1,0,0,0,0,1,1,0,0,1,1,0,1,0,0,1,0,1,1,1,0,1,1,1,1,1,1,0,0,1,1,1,0,1,1,0,1,1,1,1,1,0,1,1,1,1,1,0,1,1,1,0,1,1,0,0,1,0,1,1
"n354702","NGO","N",3,5,4,7,"Yes","No",0,0,0,0,0,0,0,0,0,0,0,0,0,0,0,0,0,0,0,0,0,0,0,0,0,0,0,0,0,0,0,0,0,0,0,0,0,0,0,0,0,0,0,0,0,0,0,0,0,0,0,0,0,0,0,0,0,0,0,0,0,0,0,0
"m556800","Missisquoi","Y",5,5,6,8,"Yes","No",0,0,0,0,0,0,0,0,0,0,0,0,0,0,0,0,0,0,0,0,0,0,0,0,0,0,0,0,0,0,0,0,0,0,0,0,0,0,0,0,0,0,0,0,0,0,0,0,0,0,0,0,0,0,0,0,0,0,0,0,0,0,0,0
"n351700","NGO","Y",3,5,1,7,"Yes","Yes",1,1,0,0,1,0,0,0,0,1,1,0,0,0,1,0,1,1,0,1,0,1,1,0,0,1,0,0,1,1,0,0,0,1,0,0,1,0,1,1,0,1,1,1,1,1,1,0,0,1,1,1,1,1,0,1,1,1,0,1,1,0,1,1
"w161201","Winooski","N",1,6,1,2,"Yes","No",0,0,0,0,0,0,0,0,0,0,0,0,0,0,0,0,0,0,0,0,0,0,0,0,0,0,0,0,0,0,0,0,0,0,0,0,0,0,0,0,0,0,0,0,0,0,0,0,0,0,0,0,0,0,0,0,0,0,0,0,0,0,0,0
"w161202","Winooski","N",1,6,1,2,"Yes","No",1,0,1,0,1,0,0,0,0,0,0,0,0,1,1,0,1,0,1,0,0,0,1,0,0,1,0,1,1,1,1,1,0,0,1,0,0,1,0,0,0,1,0,1,1,1,1,1,1,0,1,0,0,1,1,0,1,1,0,1,1,1,1,1
"n454800","NGO","N",4,5,4,8,"Yes","No",1,1,0,0,1,0,0,0,0,1,1,0,0,0,0,0,1,0,0,0,0,1,1,0,0,0,0,0,1,0,0,0,0,1,0,0,0,0,0,1,0,1,1,0,0,0,0,0,0,0,1,1,1,1,0,0,0,0,0,1,1,0,1,1
"w157600","Winooski","N",1,5,7,6,"Yes","No",0,0,0,0,0,0,0,0,0,0,0,0,0,0,0,0,0,0,0,0,0,0,0,0,0,0,0,0,0,0,0,0,0,0,0,0,0,0,0,0,0,0,0,0,0,0,0,0,0,0,0,0,0,0,0,0,0,0,0,0,0,0,0,0
"m456800","Missisquoi","N",4,5,6,8,"No","Yes",0,0,0,0,0,0,0,0,0,0,0,0,0,0,0,0,0,0,0,0,0,0,0,0,0,0,0,0,0,0,0,0,0,0,0,0,0,0,0,0,0,0,0,0,0,0,0,0,0,0,0,0,0,0,0,0,0,0,0,0,0,0,0,0
"n464800","NGO","N",4,6,4,8,"No","Yes",0,0,0,0,0,0,0,0,0,0,0,0,0,0,0,0,0,0,0,0,0,0,0,0,0,0,0,0,0,0,0,0,0,0,0,0,0,0,0,0,0,0,0,0,0,0,0,0,0,0,0,0,0,0,0,0,0,0,0,0,0,0,0,0
"m141201","Missisquoi","N",1,4,1,2,"No","Yes",0,0,0,0,0,0,0,0,0,0,0,0,0,0,0,0,0,0,0,0,0,0,0,0,0,0,0,0,0,0,0,0,0,0,0,0,0,0,0,0,0,0,0,0,0,0,0,0,0,0,0,0,0,0,0,0,0,0,0,0,0,0,0,0
"w341201","Winooski","N",3,4,1,2,"Yes","No",1,0,1,1,1,1,0,0,0,1,0,0,1,0,1,0,1,0,0,0,0,0,0,0,0,0,0,1,1,1,1,0,0,1,1,0,1,0,0,0,0,1,1,0,0,0,0,0,0,0,0,1,1,0,1,1,0,0,0,1,1,0,0,1
"m141202","Missisquoi","N",1,4,1,2,"No","Yes",0,0,0,0,0,0,0,0,0,0,0,0,0,0,0,0,0,0,0,0,0,0,0,0,0,0,0,0,0,0,0,0,0,0,0,0,0,0,0,0,0,0,0,0,0,0,0,0,0,0,0,0,0,0,0,0,0,0,0,0,0,0,0,0
"w241202","Winooski","N",2,4,1,2,"Yes","No",1,0,1,1,0,0,0,0,0,0,0,0,0,0,0,0,0,1,0,0,0,0,1,0,0,0,0,0,1,1,1,0,0,0,1,0,0,0,0,0,0,0,0,0,0,0,0,0,0,0,1,1,0,0,0,1,0,1,0,0,0,0,0,0
"w241203","Winooski","N",2,4,1,2,"Yes","No",1,0,0,0,1,0,0,0,0,0,0,0,0,1,0,0,1,0,0,1,0,0,1,0,0,1,0,0,1,0,1,1,0,0,1,0,0,1,0,0,0,1,1,0,0,0,1,0,0,0,0,0,0,1,1,0,1,1,0,1,0,1,1,1
"w141100","Winooski","Y",1,4,1,1,"No","No",0,0,0,0,0,1,0,0,0,0,0,0,0,0,0,0,0,0,0,1,0,0,0,0,0,0,0,1,0,0,1,0,0,0,0,0,0,0,0,0,0,1,0,0,1,0,0,0,0,0,0,0,0,0,0,0,0,0,0,0,0,0,0,0
"w241204","Winooski","N",2,4,1,2,"Yes","No",1,0,0,1,1,1,0,0,0,1,1,0,0,1,0,0,1,1,0,0,0,0,1,0,0,0,0,1,1,1,1,0,1,1,1,0,0,1,0,1,0,1,1,0,1,0,0,0,0,0,0,1,1,1,0,0,0,1,0,0,0,0,0,0
"w241205","Winooski","N",2,4,1,2,"Yes","No",0,0,0,0,0,0,0,0,0,0,0,0,0,0,0,0,0,0,0,0,0,0,0,0,0,0,0,0,0,0,0,0,0,0,0,0,0,0,0,0,0,0,0,0,0,0,0,0,0,0,0,0,0,0,0,0,0,0,0,0,0,0,0,0
"w341203","Winooski","Y",3,4,1,2,"Yes","No",1,0,0,1,1,1,1,1,1,1,1,1,1,1,1,1,1,1,1,1,1,1,1,1,1,1,1,1,1,1,1,1,1,1,1,0,1,1,1,1,1,1,1,0,1,0,1,0,1,0,0,1,1,0,0,1,1,1,1,1,1,1,1,1
"w241206","Winooski","Y",2,4,1,2,"Yes","No",1,0,0,1,1,1,0,1,0,0,0,1,0,0,1,1,1,0,0,0,0,0,0,0,0,0,0,1,1,1,1,1,1,0,1,0,0,1,0,0,0,1,0,0,1,0,1,0,0,0,1,1,1,1,1,1,1,1,0,0,0,0,0,1
"w341204","Winooski","N",3,4,1,2,"Yes","No",0,0,0,0,0,0,0,0,0,0,0,0,0,0,0,0,0,0,0,0,0,0,0,0,0,0,0,0,0,0,0,0,0,0,0,0,0,0,0,0,0,0,0,0,0,0,0,0,0,0,0,0,0,0,0,0,0,0,0,0,0,0,0,0
"m141203","Missisquoi","N",1,4,1,2,"No","Yes",0,0,0,0,0,0,0,0,0,0,0,0,0,0,0,0,0,0,0,0,0,0,0,0,0,0,0,0,0,0,0,0,0,0,0,0,0,0,0,0,0,0,0,0,0,0,0,0,0,0,0,0,0,0,0,0,0,0,0,0,0,0,0,0
"w341205","Winooski","N",3,4,1,2,"Yes","No",0,0,0,0,0,0,0,0,0,0,0,0,0,0,0,0,0,0,0,0,0,0,0,0,0,0,0,0,0,0,0,0,0,0,0,0,0,0,0,0,0,0,0,0,0,0,0,0,0,0,0,0,0,0,0,0,0,0,0,0,0,0,0,0
"m141204","Missisquoi","N",1,4,1,2,"No","Yes",0,1,0,0,0,0,0,0,0,0,0,0,0,0,0,0,0,0,0,0,0,0,0,0,0,0,0,0,1,1,1,1,0,0,1,0,0,0,0,0,0,1,0,0,1,0,0,0,0,0,0,0,1,0,0,0,0,0,0,0,0,1,0,1
"w341207","Winooski","N",3,4,1,2,"Yes","No",0,0,0,0,0,0,0,0,0,0,0,0,0,0,0,0,0,0,0,0,0,0,0,0,0,0,0,0,0,0,0,0,0,0,0,0,0,0,0,0,0,0,0,0,0,0,0,0,0,0,0,0,0,0,0,0,0,0,0,0,0,0,0,0
"m141205","Missisquoi","N",1,4,1,2,"No","Yes",0,0,0,0,0,0,0,0,0,0,0,0,0,0,0,0,0,0,0,0,0,0,0,0,0,0,0,0,0,0,0,0,0,0,0,0,0,0,0,0,0,0,0,0,0,0,0,0,0,0,0,0,0,0,0,0,0,0,0,0,0,0,0,0
"w241207","Winooski","N",2,4,1,2,"Yes","No",0,0,0,0,0,0,0,0,0,0,0,0,0,0,0,0,0,0,0,0,0,0,0,0,0,0,0,0,0,0,0,0,0,0,0,0,0,0,0,0,0,0,0,0,0,0,0,0,0,0,0,0,0,0,0,0,0,0,0,0,0,0,0,0
"m241202","Missisquoi","N",2,4,1,2,"No","Yes",0,0,0,0,0,0,0,0,0,0,0,0,0,0,0,0,0,0,0,0,0,0,0,0,0,0,0,0,0,0,0,0,0,0,0,0,0,0,0,0,0,0,0,0,0,0,0,0,0,0,0,0,0,0,0,0,0,0,0,0,0,0,0,0
"w341208","Winooski","N",3,4,1,2,"Yes","No",1,0,1,1,1,1,0,1,0,0,0,1,0,0,0,0,0,0,0,0,0,0,0,0,0,0,1,1,1,0,1,0,1,0,0,0,1,1,0,0,0,1,1,0,1,0,0,0,0,0,0,0,1,0,0,0,0,1,0,0,0,0,0,0
"m141206","Missisquoi","N",1,4,1,2,"No","Yes",0,0,0,0,0,0,0,0,0,0,0,0,0,0,0,0,0,0,0,0,0,0,0,0,0,0,0,0,0,0,0,0,0,0,0,0,0,0,0,0,0,0,0,0,0,0,0,0,0,0,0,0,0,0,0,0,0,0,0,0,0,0,0,0
"w241208","Winooski","N",2,4,1,2,"Yes","No",0,0,0,0,0,0,0,0,0,0,0,0,0,0,0,0,0,0,0,0,0,0,0,0,0,0,0,0,0,0,0,0,0,0,0,0,0,0,0,0,0,0,0,0,0,0,0,0,0,0,0,0,0,0,0,0,0,0,0,0,0,0,0,0
"w241209","Winooski","N",2,4,1,2,"Yes","No",0,0,0,0,0,0,0,0,0,0,0,0,0,0,0,0,0,0,0,0,0,0,0,0,0,0,0,0,0,0,0,0,0,0,0,0,0,0,0,0,0,0,0,0,0,0,0,0,0,0,0,0,0,0,0,0,0,0,0,0,0,0,0,0
"m141207","Missisquoi","N",1,4,1,2,"No","Yes",0,1,0,1,1,1,0,1,0,0,0,0,0,1,0,0,1,0,0,0,0,1,1,0,0,1,0,1,0,1,1,1,1,0,1,0,1,1,0,0,0,1,0,0,0,1,1,0,0,0,1,0,0,1,1,1,1,1,0,0,1,0,0,1
"w241210","Winooski","N",2,4,1,2,"Yes","No",0,0,0,0,0,0,0,0,0,0,0,0,0,0,0,0,0,0,0,0,0,0,0,0,0,0,0,0,0,0,0,0,0,0,0,0,0,0,0,0,0,0,0,0,0,0,0,0,0,0,0,0,0,0,0,0,0,0,0,0,0,0,0,0
"w241211","Winooski","N",2,4,1,2,"Yes","No",0,0,0,0,0,0,0,0,0,0,0,0,0,0,0,0,0,0,0,0,0,0,0,0,0,0,0,0,0,0,0,0,0,0,0,0,0,0,0,0,0,0,0,0,0,0,0,0,0,0,0,0,0,0,0,0,0,0,0,0,0,0,0,0
"w241212","Winooski","N",2,4,1,2,"Yes","No",0,0,0,0,0,0,0,0,0,0,0,0,0,0,0,0,0,0,0,0,0,0,0,0,0,0,0,0,0,0,0,0,0,0,0,0,0,0,0,0,0,0,0,0,0,0,0,0,0,0,0,0,0,0,0,0,0,0,0,0,0,0,0,0
"w241213","Winooski","N",2,4,1,2,"Yes","No",0,0,0,0,0,0,0,0,0,0,0,0,0,0,0,0,0,0,0,0,0,0,0,0,0,0,0,0,0,0,0,0,0,0,0,0,0,0,0,0,0,0,0,0,0,0,0,0,0,0,0,0,0,0,0,0,0,0,0,0,0,0,0,0
"m141209","Missisquoi","Y",1,4,1,2,"No","Yes",0,0,0,0,0,0,0,0,0,0,0,0,0,0,0,0,0,0,0,0,0,0,0,0,0,0,0,0,0,0,0,0,0,0,0,0,0,0,0,0,0,0,0,0,0,0,0,0,0,0,0,0,0,0,0,0,0,0,0,0,0,0,0,0
"w241214","Winooski","N",2,4,1,2,"Yes","No",1,0,0,1,1,1,0,0,0,0,0,0,0,0,0,1,0,1,0,0,0,0,1,0,0,1,0,1,1,0,1,0,1,0,1,0,0,0,0,0,0,1,0,0,1,0,0,0,0,0,0,1,0,0,0,1,0,1,0,0,0,0,0,0
"w241215","Winooski","N",2,4,1,2,"Yes","No",0,0,0,0,0,0,0,0,0,0,0,0,0,0,0,0,0,0,0,0,0,0,0,0,0,0,0,0,0,0,0,0,0,0,0,0,0,0,0,0,0,0,0,0,0,0,0,0,0,0,0,0,0,0,0,0,0,0,0,0,0,0,0,0
"m141210","Missisquoi","N",1,4,1,2,"No","Yes",0,0,0,0,0,0,0,0,0,0,0,0,0,0,0,0,0,0,0,0,0,0,0,0,0,0,0,0,0,0,0,0,0,0,0,0,0,0,0,0,0,0,0,0,0,0,0,0,0,0,0,0,0,0,0,0,0,0,0,0,0,0,0,0
"w241217","Winooski","N",2,4,1,2,"Yes","No",0,0,0,0,0,0,0,0,0,0,0,0,0,0,0,0,0,0,0,0,0,0,0,0,0,0,0,0,0,0,0,0,0,0,0,0,0,0,0,0,0,0,0,0,0,0,0,0,0,0,0,0,0,0,0,0,0,0,0,0,0,0,0,0
"w341210","Winooski","N",3,4,1,2,"Yes","No",1,0,1,1,1,1,0,1,0,0,1,0,1,0,1,1,1,1,0,0,0,0,1,0,1,0,1,1,1,1,1,1,1,0,1,0,1,1,1,0,0,1,1,1,1,0,0,0,0,0,1,1,1,1,1,1,1,1,1,1,1,1,1,1
"m241203","Missisquoi","N",2,4,1,2,"No","Yes",0,1,0,0,1,0,0,0,0,0,1,0,0,0,0,0,1,0,0,0,0,0,1,0,0,1,0,1,1,1,1,0,0,0,1,0,0,0,0,0,0,1,1,0,0,0,0,0,0,0,0,1,1,0,0,0,1,0,0,0,0,0,0,0
"m141211","Missisquoi","Y",1,4,1,2,"No","Yes",0,0,0,0,0,0,0,0,0,0,0,0,0,0,0,0,0,0,0,0,0,0,0,0,0,0,0,0,0,0,0,0,0,0,0,0,0,0,0,0,0,0,0,0,0,0,0,0,0,0,0,0,0,0,0,0,0,0,0,0,0,0,0,0
"w241218","Winooski","Y",2,4,1,2,"Yes","No",1,0,1,1,1,1,0,0,0,0,0,0,0,0,0,0,0,0,0,0,0,0,0,0,0,0,1,1,1,1,1,0,1,0,1,0,1,1,0,0,0,0,1,0,1,0,0,0,0,0,1,1,1,1,1,1,0,1,0,0,0,0,0,0
"w341211","Winooski","N",3,4,1,2,"Yes","No",1,0,1,1,1,1,0,0,0,0,0,0,0,1,0,0,0,0,0,0,0,0,0,0,0,0,0,0,0,0,0,0,0,0,0,0,0,1,0,0,0,0,0,0,0,0,0,0,0,0,0,1,1,1,1,1,0,1,1,1,1,0,1,1
"w241219","Winooski","N",2,4,1,2,"Yes","No",0,0,0,0,0,0,0,0,0,0,0,0,0,0,0,0,0,0,0,0,0,0,0,0,0,0,0,0,0,0,0,0,0,0,0,0,0,0,0,0,0,0,0,0,0,0,0,0,0,0,0,0,0,0,0,0,0,0,0,0,0,0,0,0
"m141212","Missisquoi","N",1,4,1,2,"No","Yes",0,1,0,1,1,1,0,0,0,0,0,0,0,0,0,0,0,0,0,0,0,0,0,0,0,0,0,0,0,0,1,1,0,0,1,0,0,0,0,0,0,1,0,0,0,0,0,0,0,0,0,0,0,0,0,0,1,1,0,1,1,1,1,0
"w241220","Winooski","N",2,4,1,2,"Yes","No",0,0,0,0,0,0,0,0,0,0,0,0,0,0,0,0,0,0,0,0,0,0,0,0,0,0,0,0,0,0,0,0,0,0,0,0,0,0,0,0,0,0,0,0,0,0,0,0,0,0,0,0,0,0,0,0,0,0,0,0,0,0,0,0
"w341212","Winooski","N",3,4,1,2,"Yes","No",1,0,1,1,1,1,0,1,1,0,1,0,1,1,1,1,1,1,0,1,1,0,1,0,1,1,1,1,1,1,1,1,1,0,1,1,1,1,1,1,0,1,1,0,0,0,0,0,0,0,1,0,1,1,0,1,1,1,0,0,1,0,1,1
"w341212","Winooski","N",3,4,1,2,"Yes","No",1,0,1,1,1,1,0,1,0,1,1,0,1,0,1,1,1,1,0,1,0,1,1,0,0,1,1,1,1,1,1,1,1,1,1,0,1,1,1,1,1,1,1,0,1,0,0,0,0,0,0,1,1,1,0,1,1,1,1,1,1,0,1,1
"w341212","Winooski","N",3,4,1,2,"Yes","No",1,0,1,1,1,1,0,1,1,0,1,0,0,1,1,0,1,0,0,1,1,0,1,0,0,1,1,1,1,1,1,1,1,1,1,0,1,1,0,1,0,1,1,0,1,0,0,0,0,0,0,1,1,1,1,1,1,1,1,0,1,1,1,1
"w241222","Winooski","N",2,4,1,2,"Yes","No",1,0,0,1,1,1,0,0,0,0,0,0,0,0,0,0,0,0,0,0,0,0,0,0,0,0,0,0,1,0,1,0,0,0,1,0,0,1,0,0,0,1,0,0,1,0,0,0,0,0,0,0,0,0,0,0,1,1,0,0,1,0,0,0
"w241223","Winooski","N",2,4,1,2,"Yes","No",0,0,0,0,0,0,0,0,0,0,0,0,0,0,0,0,0,0,0,0,0,0,0,0,0,0,0,0,0,0,0,0,0,0,0,0,0,0,0,0,0,0,0,0,0,0,0,0,0,0,0,0,0,0,0,0,0,0,0,0,0,0,0,0
"m143200","Missisquoi","N",1,4,3,2,"No","Yes",0,0,0,0,0,0,0,0,0,0,0,0,0,0,0,0,0,0,0,0,0,0,0,0,0,0,0,0,0,0,0,0,0,0,0,0,0,0,0,0,0,0,0,0,0,0,0,0,0,0,0,0,0,0,0,0,0,0,0,0,0,0,0,0
"n454603","NGO","N",4,5,4,7,"No","No",0,0,0,0,0,0,0,0,0,0,0,0,0,0,0,0,0,0,0,0,0,0,0,0,0,0,0,0,0,0,0,0,0,0,0,0,0,0,0,0,0,0,0,0,0,0,0,0,0,0,0,0,0,0,0,0,0,0,0,0,0,0,0,0
"n364700","NGO","N",3,6,4,7,"No","No",0,0,0,0,0,0,0,0,0,0,0,0,0,0,0,0,0,0,0,0,0,0,0,0,0,0,0,0,0,0,0,0,0,0,0,0,0,0,0,0,0,0,0,0,0,0,0,0,0,0,0,0,0,0,0,0,0,0,0,0,0,0,0,0
"w261300","Winooski","N",2,6,1,3,"Yes","No",0,0,0,0,0,0,0,0,0,0,0,0,0,0,0,0,0,0,0,0,0,0,0,0,0,0,0,0,0,0,0,0,0,0,0,0,0,0,0,0,0,0,0,0,0,0,0,0,0,0,0,0,0,0,0,0,0,0,0,0,0,0,0,0
"g321639","Government","N",3,2,1,6,"Yes","No",0,0,0,0,0,0,0,0,0,0,0,0,0,0,0,0,0,0,0,0,0,0,0,0,0,0,0,0,0,0,0,0,0,0,0,0,0,0,0,0,0,0,0,0,0,0,0,0,0,0,0,0,0,0,0,0,0,0,0,0,0,0,0,0
"g431302","Government","Y",4,3,1,3,"No","No",0,0,0,0,0,0,0,0,0,0,0,0,0,0,0,0,0,0,0,0,0,0,0,0,0,0,0,0,0,0,0,0,0,0,0,0,0,0,0,0,0,0,0,0,0,0,0,0,0,0,0,0,0,0,0,0,0,0,0,0,0,0,0,0
"g431303","Government","N",4,3,1,3,"Yes","No",1,1,0,0,1,0,0,1,1,0,0,0,0,0,1,0,1,0,0,1,1,0,0,0,0,0,0,0,0,0,0,0,0,0,0,0,0,0,0,0,0,0,0,1,0,0,0,0,0,0,1,0,0,1,1,0,1,1,0,0,1,0,0,1
"g431304","Government","Y",4,3,1,3,"No","Yes",0,0,0,0,0,0,0,0,0,0,0,0,0,0,0,0,0,0,0,0,0,0,0,0,0,0,0,0,0,0,0,0,0,0,0,0,0,0,0,0,0,0,0,0,0,0,0,0,0,0,0,0,0,0,0,0,0,0,0,0,0,0,0,0
"g431305","Government","Y",4,3,1,3,"No","No",0,1,1,0,1,0,0,1,1,0,1,0,0,0,1,0,1,1,1,1,1,1,1,0,0,0,1,1,1,0,1,1,1,1,1,0,1,0,0,1,0,0,0,1,0,1,0,0,0,0,1,0,0,0,0,0,1,1,0,0,1,1,0,1
"n381601","NGO","Y",3,8,1,6,"Yes","Yes",1,1,0,0,1,0,0,0,0,0,1,0,0,1,0,0,1,0,1,0,0,1,1,0,0,1,0,0,1,0,1,0,0,1,1,0,0,0,1,1,1,1,0,0,0,1,1,0,0,0,1,0,1,1,1,1,1,1,0,1,1,1,1,1
"n381601","NGO","Y",3,8,1,6,"Yes","Yes",1,1,0,0,1,0,0,1,0,1,1,0,0,0,0,0,1,0,0,1,0,1,1,0,0,1,0,1,1,0,1,1,0,1,0,0,0,1,1,1,1,1,1,1,0,1,1,1,1,0,1,1,1,1,1,1,1,1,0,1,1,1,0,1
"n381602","NGO","N",3,8,1,6,"Yes","Yes",0,0,0,0,0,0,0,0,0,0,0,0,0,0,0,0,0,0,0,0,0,0,0,0,0,0,0,0,0,0,0,0,0,0,0,0,0,0,0,0,0,0,0,0,0,0,0,0,0,0,0,0,0,0,0,0,0,0,0,0,0,0,0,0
"g321641","Government","N",3,2,1,6,"Yes","Yes",0,0,0,0,0,0,0,0,0,0,0,0,0,0,0,0,0,0,0,0,0,0,0,0,0,0,0,0,0,0,0,0,0,0,0,0,0,0,0,0,0,0,0,0,0,0,0,0,0,0,0,0,0,0,0,0,0,0,0,0,0,0,0,0
"g321642","Government","N",3,2,1,6,"Yes","No",0,0,0,0,0,0,0,0,0,0,0,0,0,0,0,0,0,0,0,0,0,0,0,0,0,0,0,0,0,0,0,0,0,0,0,0,0,0,0,0,0,0,0,0,0,0,0,0,0,0,0,0,0,0,0,0,0,0,0,0,0,0,0,0
"n261604","NGO","N",2,6,1,6,"Yes","Yes",0,0,0,0,0,0,0,0,0,0,0,0,0,0,0,0,0,0,0,0,0,0,0,0,0,0,0,0,0,0,0,0,0,0,0,0,0,0,0,0,0,0,0,0,0,0,0,0,0,0,0,0,0,0,0,0,0,0,0,0,0,0,0,0
"n261605","NGO","N",2,6,1,6,"Yes","No",0,0,0,0,0,0,0,0,0,0,0,0,0,0,0,0,0,0,0,0,0,0,0,0,0,0,0,0,0,0,0,0,0,0,0,0,0,0,0,0,0,0,0,0,0,0,0,0,0,0,0,0,0,0,0,0,0,0,0,0,0,0,0,0
"n261606","NGO","Y",2,6,1,6,"Yes","Yes",1,1,0,0,1,0,0,0,0,1,0,0,0,1,0,0,1,0,1,0,0,1,1,1,0,1,0,1,1,0,1,0,0,1,0,0,0,1,0,0,0,1,0,1,1,1,1,1,0,0,1,0,0,0,1,1,1,1,0,0,1,0,0,1
"g321640","Government","N",3,2,1,6,"No","No",0,0,0,0,0,0,0,0,0,0,0,0,0,0,0,0,0,0,0,0,0,0,0,0,0,0,0,0,0,0,0,0,0,0,0,0,0,0,0,0,0,0,0,0,0,0,0,0,0,0,0,0,0,0,0,0,0,0,0,0,0,0,0,0
"n261607","NGO","Y",2,6,1,6,"Yes","Yes",1,1,0,0,1,0,0,0,0,0,0,0,0,0,0,0,1,0,0,0,0,0,1,0,0,0,0,0,0,0,0,0,0,0,0,0,0,0,0,1,0,1,0,0,0,0,0,0,0,0,1,1,1,0,0,1,0,0,0,0,0,0,0,0
"n261608","NGO","Y",2,6,1,6,"Yes","Yes",1,1,0,0,1,0,0,0,0,0,0,0,0,1,0,0,1,0,0,0,0,0,0,0,0,1,0,0,1,0,0,0,0,0,0,0,0,0,0,0,0,1,0,0,0,1,0,1,0,0,1,0,0,0,0,0,1,0,0,0,1,0,1,1
"n161603","NGO","Y",1,6,1,6,"Yes","Yes",0,0,0,0,0,0,0,0,0,0,0,0,0,0,0,0,0,0,0,0,0,0,0,0,0,0,0,0,0,0,0,0,0,0,0,0,0,0,0,0,0,0,0,0,0,0,0,0,0,0,0,0,0,0,0,0,0,0,0,0,0,0,0,0
"n361600","NGO","N",3,6,1,6,"Yes","Yes",1,1,1,0,1,0,0,0,0,0,0,0,0,0,1,0,1,0,0,0,0,0,1,1,0,0,1,0,0,0,1,1,1,0,0,1,0,0,0,0,0,0,0,0,0,1,1,0,0,0,1,0,0,1,1,1,1,0,0,0,1,0,1,1
"n261609","NGO","N",2,6,1,6,"Yes","Yes",0,0,0,0,1,0,0,0,0,0,1,0,0,0,0,0,1,0,0,0,0,1,1,0,0,0,0,0,1,0,1,0,0,0,0,0,1,1,1,1,1,1,1,0,0,1,1,1,1,0,0,0,0,0,0,0,1,0,1,0,1,0,0,1
"g321628","Government","N",3,2,1,6,"Yes","No",0,0,0,0,0,0,0,0,0,0,0,0,0,0,0,0,0,0,0,0,0,0,0,0,0,0,0,0,0,0,0,0,0,0,0,0,0,0,0,0,0,0,0,0,0,0,0,0,0,0,0,0,0,0,0,0,0,0,0,0,0,0,0,0
"g321629","Government","Y",3,2,1,6,"Yes","Yes",1,1,0,0,1,0,0,0,0,0,0,0,0,0,0,0,1,0,0,0,0,0,0,0,0,0,0,0,1,0,0,0,0,0,0,0,0,0,0,0,0,1,0,0,0,0,0,1,0,0,1,1,1,1,1,1,1,1,1,0,1,0,0,1
"g321630","Government","Y",3,2,1,6,"Yes","Yes",1,1,0,0,1,0,0,0,0,0,0,0,0,0,0,0,1,0,0,0,0,0,0,0,0,0,0,0,1,0,0,0,0,0,1,0,0,1,1,1,1,1,1,1,1,1,1,1,1,0,1,1,1,1,1,1,1,1,1,0,1,0,0,1
"g321631","Government","N",3,2,1,6,"Yes","No",0,0,0,0,0,0,0,0,0,0,0,0,0,0,0,0,0,0,0,0,0,0,0,0,0,0,0,0,0,0,0,0,0,0,0,0,0,0,0,0,0,0,0,0,0,0,0,0,0,0,0,0,0,0,0,0,0,0,0,0,0,0,0,0
"g321635","Government","N",3,2,1,6,"Yes","Yes",0,0,0,0,0,0,0,0,0,0,0,0,0,0,0,0,0,0,0,0,0,0,0,0,0,0,0,0,0,0,0,0,0,0,0,0,0,0,0,0,0,0,0,0,0,0,0,0,0,0,0,0,0,0,0,0,0,0,0,0,0,0,0,0
"g321636","Government","N",3,2,1,6,"Yes","Yes",0,0,0,0,0,0,0,0,0,0,0,0,0,0,0,0,0,0,0,0,0,0,0,0,0,0,0,0,0,0,0,0,0,0,0,0,0,0,0,0,0,0,0,0,0,0,0,0,0,0,0,0,0,0,0,0,0,0,0,0,0,0,0,0
"g321637","Government","N",3,2,1,6,"Yes","No",0,0,0,0,0,0,0,0,0,0,0,0,0,0,0,0,0,0,0,0,0,0,0,0,0,0,0,0,0,0,0,0,0,0,0,0,0,0,0,0,0,0,0,0,0,0,0,0,0,0,0,0,0,0,0,0,0,0,0,0,0,0,0,0
"g321634","Government","N",3,2,1,6,"Yes","Yes",0,0,0,0,0,0,0,0,0,0,0,0,0,0,0,0,0,0,0,0,0,0,0,0,0,0,0,0,0,0,0,0,0,0,0,0,0,0,0,0,0,0,0,0,0,0,0,0,0,0,0,0,0,0,0,0,0,0,0,0,0,0,0,0
"n261610","NGO","Y",2,6,1,6,"Yes","Yes",1,1,0,0,1,0,0,0,0,1,1,0,1,1,0,1,1,0,0,1,0,0,1,0,1,1,0,0,1,0,1,0,0,1,0,0,0,1,0,1,1,1,0,0,1,1,1,1,1,0,1,1,1,1,1,1,1,1,1,1,1,0,1,1
"m251600","Missisquoi","N",2,5,1,6,"No","Yes",0,0,0,0,0,0,0,0,0,0,0,0,0,0,0,0,0,0,0,0,0,0,0,0,0,0,0,0,0,0,0,0,0,0,0,0,0,0,0,0,0,0,0,0,0,0,0,0,0,0,0,0,0,0,0,0,0,0,0,0,0,0,0,0
"n161604","NGO","Y",1,6,1,6,"Yes","Yes",1,1,1,0,0,0,0,0,0,0,0,0,0,0,1,0,0,0,0,0,0,0,0,0,0,0,1,0,0,0,1,0,0,0,1,0,0,0,0,0,1,1,0,0,0,0,1,0,0,0,1,0,0,1,1,0,1,0,0,0,1,0,0,1
"n161605","NGO","N",1,6,1,6,"Yes","Yes",1,1,0,0,1,0,0,0,0,1,1,0,0,1,0,0,1,0,0,0,0,0,1,0,0,1,0,1,1,0,0,0,0,0,0,0,0,0,0,1,1,1,1,0,0,1,1,1,0,0,1,1,1,0,0,0,1,0,0,0,1,0,0,1
"n161606","NGO","N",1,6,1,6,"No","No",0,0,0,0,0,0,0,0,0,0,0,0,0,0,0,0,0,0,0,0,0,0,0,0,0,0,0,0,0,0,0,0,0,0,0,0,0,0,0,0,0,0,0,0,0,0,0,0,0,0,0,0,0,0,0,0,0,0,0,0,0,0,0,0
"m141100","Missisquoi","N",1,4,1,1,"No","Yes",0,0,0,0,0,0,0,0,0,0,0,0,0,0,0,0,0,0,0,0,0,0,0,0,0,0,0,0,0,0,0,0,0,0,0,0,0,0,0,0,0,0,0,0,0,0,0,0,0,0,0,0,0,0,0,0,0,0,0,0,0,0,0,0
"w341206","Winooski","Y",3,4,1,2,"Yes","No",1,0,1,1,1,1,0,1,0,1,1,1,0,1,1,1,1,1,0,1,1,1,1,1,0,1,1,1,1,1,1,1,1,1,1,1,1,1,1,1,1,1,1,1,1,1,1,1,0,1,1,1,1,1,0,1,1,1,1,1,1,0,1,1
"m143100","Missisquoi","N",1,4,3,1,"No","Yes",0,0,0,0,0,0,0,0,0,0,0,0,0,0,0,0,0,0,0,0,0,0,0,0,0,0,0,0,0,0,0,0,0,0,0,0,0,0,0,0,0,0,0,0,0,0,0,0,0,0,0,0,0,0,0,0,0,0,0,0,0,0,0,0
"m241204","Missisquoi","Y",2,4,1,2,"No","Yes",0,0,0,0,0,0,0,0,0,0,0,0,0,0,0,0,0,0,0,0,0,0,0,0,0,0,0,0,0,0,0,0,0,0,0,0,0,0,0,0,0,0,0,0,0,0,0,0,0,0,0,0,0,0,0,0,0,0,0,0,0,0,0,0
"g321644","Government","N",3,2,1,6,"Yes","Yes",0,0,0,0,0,0,0,0,0,0,0,0,0,0,0,0,0,0,0,0,0,0,0,0,0,0,0,0,0,0,0,0,0,0,0,0,0,0,0,0,0,0,0,0,0,0,0,0,0,0,0,0,0,0,0,0,0,0,0,0,0,0,0,0
"g321643","Government","N",3,2,1,6,"Yes","No",0,0,0,0,0,0,0,0,0,0,0,0,0,0,0,0,0,0,0,0,0,0,0,0,0,0,0,0,0,0,0,0,0,0,0,0,0,0,0,0,0,0,0,0,0,0,0,0,0,0,0,0,0,0,0,0,0,0,0,0,0,0,0,0
"g321645","Government","N",3,2,1,6,"Yes","No",0,0,0,0,0,0,0,0,0,0,0,0,0,0,0,0,0,0,0,0,0,0,0,0,0,0,0,0,0,0,0,0,0,0,0,0,0,0,0,0,0,0,0,0,0,0,0,0,0,0,0,0,0,0,0,0,0,0,0,0,0,0,0,0
"g321646","Government","Y",3,2,1,6,"Yes","Yes",1,1,1,1,1,1,1,1,1,1,1,0,1,0,0,1,1,0,1,1,0,1,1,0,0,0,1,1,1,1,1,1,1,1,1,0,1,1,1,1,1,1,1,0,1,0,1,1,1,0,0,0,1,1,0,1,1,1,1,0,1,1,1,1
"n161607","NGO","Y",1,6,1,6,"Yes","Yes",0,0,0,0,0,0,0,0,0,0,0,0,0,0,0,0,0,0,0,0,0,0,0,0,0,0,0,0,0,0,0,0,0,0,0,0,0,0,0,0,0,0,0,0,0,0,0,0,0,0,0,0,0,0,0,0,0,0,0,0,0,0,0,0
"n251600","NGO","N",2,5,1,6,"Yes","No",1,0,0,0,0,0,0,0,0,1,0,0,0,0,0,0,0,0,0,0,0,0,0,0,0,0,0,0,0,1,0,0,0,1,0,0,0,0,0,0,0,1,0,0,1,0,0,0,0,0,0,1,1,0,0,1,1,0,0,0,1,0,1,1
"n261700","NGO","N",2,6,1,7,"No","Yes",0,0,0,0,0,0,0,0,0,0,0,0,0,0,0,0,0,0,0,0,0,0,0,0,0,0,0,0,0,0,0,0,0,0,0,0,0,0,0,0,0,0,0,0,0,0,0,0,0,0,0,0,0,0,0,0,0,0,0,0,0,0,0,0
"w261403","Winooski","Y",2,6,1,4,"Yes","No",1,0,0,0,1,1,0,1,0,1,1,0,0,1,0,0,1,0,0,1,0,1,1,0,0,1,0,0,0,1,1,1,0,1,1,0,0,0,0,0,1,1,1,1,0,0,0,0,0,1,1,0,1,1,1,0,1,1,0,0,1,1,0,1
"w251200","Winooski","N/A",2,5,1,2,"Yes","No",0,0,0,0,0,0,0,0,0,0,0,0,0,0,0,0,0,0,0,0,0,0,0,0,0,0,0,0,0,0,0,0,0,0,0,0,0,0,0,0,0,0,0,0,0,0,0,0,0,0,0,0,0,0,0,0,0,0,0,0,0,0,0,0
"w151100","Winooski","N/A",1,5,1,1,"Yes","No",0,0,0,0,0,0,0,0,0,0,0,0,0,0,0,0,0,0,0,0,0,0,0,0,0,0,0,0,0,0,0,0,0,0,0,0,0,0,0,0,0,0,0,0,0,0,0,0,0,0,0,0,0,0,0,0,0,0,0,0,0,0,0,0
